actor_id,txId
actor_illicit_1,d0f631ca1ddba8db3bcfcb9e057cdc98d0379f1bee00e75a545147a27dadd982
actor_illicit_1,9c0abe51c6e6655d81de2d044d4fb194931f058c0426c67c7285d8f5657ed64a
actor_illicit_1,7c1c97df17c066924822b0af09a65251554962c61e23329aed04cd19020dc3b8
actor_illicit_1,0012a3fa000c5dc26ee658c3c58e12cecd58d6455cec3d5621f0c787675b38aa
actor_licit_1,8b53639f152c8fc6ef30802fde462ba0be9cf085f7580dc69efd72e002abbb35
actor_licit_1,e788103ee15318fcd2af9b73b4ebbb33a903b020de7b307d71f5fed0f433e548
actor_licit_1,f451a61749c611ba0fa0e16c61831db44f38c611dff25879cf271a24c81a88b6
actor_unknown_1,fb173a948cf4a99ace8aa40268ff7087a975aaca133ef2ed0012ee64feeb5dd7
actor_unknown_1,d2d6ee88baf619af69fe34f3bb7bed4f482e20b61c068923fc3324bf289ccb46
