txId1,txId2
f55ff16f66f43360266b95db6f8fec01d76031054306ae4a4b380598f6cfd114,2c3a4249d77070058649dbd822dcaf7957586fce428cfb2ca88b94741eda8b07
2c3a4249d77070058649dbd822dcaf7957586fce428cfb2ca88b94741eda8b07,f46dd28a5499d8efef0b8fb8ee1ec1c5a5e407c9381741d576ba8deb4f59ec3f
f46dd28a5499d8efef0b8fb8ee1ec1c5a5e407c9381741d576ba8deb4f59ec3f,4539e4b4889079c2a00afeae0bfc1439840ef2379a1fb81c8ba27361ad476d6b
7dc96f776c8423e57a2785489a3f9c43fb6e756876d6ad9a9cac4aa4e72ec193,4814d92093ac8a0f4a2163ab87dee509ba306a58f5888be0edcb2fcd0712028b
4814d92093ac8a0f4a2163ab87dee509ba306a58f5888be0edcb2fcd0712028b,76a8277347f52530e1cf979175a178980b3a180d176165c985d85f7e142f1eed
76a8277347f52530e1cf979175a178980b3a180d176165c985d85f7e142f1eed,486bacc5c2d8a71a73d51bf8e522deaa264ec2628dca2955da1e9b8e00f21943
d0f631ca1ddba8db3bcfcb9e057cdc98d0379f1bee00e75a545147a27dadd982,9c0abe51c6e6655d81de2d044d4fb194931f058c0426c67c7285d8f5657ed64a
9c0abe51c6e6655d81de2d044d4fb194931f058c0426c67c7285d8f5657ed64a,7c1c97df17c066924822b0af09a65251554962c61e23329aed04cd19020dc3b8
7c1c97df17c066924822b0af09a65251554962c61e23329aed04cd19020dc3b8,0012a3fa000c5dc26ee658c3c58e12cecd58d6455cec3d5621f0c787675b38aa
8b53639f152c8fc6ef30802fde462ba0be9cf085f7580dc69efd72e002abbb35,e788103ee15318fcd2af9b73b4ebbb33a903b020de7b307d71f5fed0f433e548
e788103ee15318fcd2af9b73b4ebbb33a903b020de7b307d71f5fed0f433e548,f451a61749c611ba0fa0e16c61831db44f38c611dff25879cf271a24c81a88b6
8b5cc4df7eec7d32a7814eca4af047ae33b2d52342667715682e19c25b0b9faa,ac0f09c0f8bf5e7a4b063d863255f16d8ce9abe600e288d934cf313bcbff63eb
ac0f09c0f8bf5e7a4b063d863255f16d8ce9abe600e288d934cf313bcbff63eb,cef7fc13a38180936ffa2635489088778e059f07a5d1beda53f1719d35577631
3f524cdc07a11d7c6220bdb049fe8dd41b27483c96cc59b581e022d547290d69,e4ab4e3b1493d5a997b4e51cdefbaa10570ef3ea9432bd72e7b6a89654ceb7f6
e4ab4e3b1493d5a997b4e51cdefbaa10570ef3ea9432bd72e7b6a89654ceb7f6,625e0f649de27800fc3bcf4c118ef79f69dcb762c2e73fbb1cfce0e7a86f6b80
711430f6164e93803d93428bc1fab80f41e213bb197689307de8606d437c3038,4d2f4b668cfc48e6059d36e91326bf87de39ba819f35450477bc1ce614a63bbd
33112ee14ee469c3eb52fe90322ec81dd404a0093d565a6d71ce77cbc8124e3b,f998fe06afa0cfbe73e0449dc2b1698309e1b5714960f027b2858312b152c275
4cd9b7672d7fbee8fb51fb1e049f690342035f543a8efe734b7b5ffb0c154a45,420fce314175df402adbeae3cfbbb85665b72d8b9bc2346f463e32a82f64b114
08243666f926aa4e5b884b8ef1fc3b93d19e191a793581530616bd2e032c4761,a499068b8f456a03adaf1064efe8fb54c8f0fd204468f27e168642eab19d883b
072a9269012bf72e8fde852c45d813735ac398e01bffe1caef99caab8dce2927,f55ff16f66f43360266b95db6f8fec01d76031054306ae4a4b380598f6cfd114
072a9269012bf72e8fde852c45d813735ac398e01bffe1caef99caab8dce2927,7dc96f776c8423e57a2785489a3f9c43fb6e756876d6ad9a9cac4aa4e72ec193
072a9269012bf72e8fde852c45d813735ac398e01bffe1caef99caab8dce2927,a52ba8b1e0bd26a9a9292be45e1653663828573d6e8b629cde0351a21afd2945
072a9269012bf72e8fde852c45d813735ac398e01bffe1caef99caab8dce2927,d31f5b3c363e589dcc39dfa32c1882834ce65782778f46f8cbb9deb038ea8335
072a9269012bf72e8fde852c45d813735ac398e01bffe1caef99caab8dce2927,5e4f150aea3a7369c8b05af8d1dbc5f71d8c534691710e5af3c402418960053f
